n_variables,s_size,p_sparse,VAFx,n_components,Dataset,Loss,FEV,Recovery_Rate,MSE_W,MSE_P,Bias_W,Bias_P,Var_W,Var_P,msd_W_P,W_Corr,P_Corr,Iterations,MSE_W_P
10,100,0,0.8,2,5347,0.15668484810418318,0.8433151368349724,1,0.009421477453645365,0.009420659053355323,0.0011480193938488202,0.0011472023881627456,0.009196205003684064,0.009195451497482236,1.2590859884986572e-9,0.9513713925059032,0.9513716386672404,10.61,1.2590859884986572e-9
10,100,0,0.8,3,5365,0.13562584199874975,0.8643741482371528,1,0.018718608981051488,0.01871775680850056,-0.0013995946921806592,-0.0013990105892937004,0.01864494084938421,0.018644101991237293,7.300927678063399e-10,0.9057006166930446,0.9057005803359126,11.38,7.300927678063399e-10
10,100,0,0.95,2,5383,0.03918714892973901,0.960812850313674,1,0.003739548162963534,0.003739466600301258,-1.4498598255582048e-5,-1.4525988538525213e-5,0.0036903010116828396,0.0036902202893540556,5.051292121377394e-11,0.9810058533818947,0.9810058515482909,14.11,5.051292121377394e-11
10,100,0,0.95,3,5401,0.03389867135099014,0.9661013280023111,1,0.008114301951235104,0.008114159055958463,-7.362370229661094e-4,-7.362062499070451e-4,0.00810196172304023,0.008101816799775173,4.0421132999808975e-11,0.9592833000469346,0.9592833005177905,14.75,4.0421132999808975e-11
10,100,0,1,2,5419,1.1000619178449573e-31,1,1,8.084174099029446e-6,8.084174099029309e-6,6.224796424171192e-5,6.224796424171821e-5,8.169037684133567e-6,8.169037684133423e-6,4.344995971503967e-33,0.999959110500467,0.999959110500467,102,4.344995971503967e-33
10,100,0,1,3,5437,1.1883883763447876e-31,1,1,1.0583938739624803e-5,1.058393873962481e-5,-3.6621394406530315e-6,-3.662139440660136e-6,1.060160308624098e-5,1.0601603086240971e-5,4.76244838072923e-33,0.999946187384161,0.999946187384161,102,4.76244838072923e-33
10,100,0.5,0.8,2,5353,0.18799566458776326,0.8120082198507078,0.816,0.022868196331305574,0.02276689983785861,-0.0011242890916280785,4.8484014222174995e-4,0.022916470550149327,0.022780634702191143,7.601758619791866e-9,0.8851331392618783,0.8856828849758046,26.21,7.601758619791866e-9
10,100,0.5,0.8,3,5371,0.17555990405146624,0.8244412178233309,0.72,0.039106792157221994,0.037886246201278215,-0.0013352490489389813,3.5175335643348375e-4,0.03884885455457267,0.03753241190114595,0.0026666825980299737,0.8026091016916199,0.8102884338363945,39.63,0.0026666825980299737
10,100,0.5,0.95,2,5389,0.08053473239854363,0.9194696458753562,0.83,0.021223453771010734,0.021174168974195152,-0.0023787963140403873,-0.004594794503520491,0.021441199470204644,0.021434149186300898,0.0019999637065274485,0.8937421173550377,0.8929129786088238,27.82,0.0019999637065274485
10,100,0.5,0.95,3,5407,0.07374361189983683,0.9262658534897598,0.77,0.03145820174865131,0.030907506115313586,0.0034083918388377434,0.0037931595549273466,0.03147326781871559,0.03100579962477851,0.0013338083404820602,0.8405520863284568,0.8434873850209604,46.8,0.0013338083404820602
10,100,0.5,1,2,5425,0.0395329479488665,0.960469859973844,0.843,0.020606492631217787,0.020458143077763162,-0.0031042990109844985,-0.002198521291959331,0.020665300350465873,0.020481180034576052,1.672552614182368e-10,0.8985138876276982,0.8988636694761986,29.8,1.672552614182368e-10
10,100,0.5,1,3,5443,0.043132775808455155,0.9568684136577715,0.7626666666666667,0.03105815020793011,0.030596229104123823,-0.0015039224855361605,-0.0017915634669322712,0.03095711720058722,0.030547229792701153,8.620916571922322e-10,0.8433961443193595,0.8438927791735711,44.75,8.620916571922322e-10
10,100,0.8,0.8,2,5359,0.23994411652464598,0.7600662942786952,0.953,0.01783635035077669,0.021830685146599412,2.2623636741170888e-4,-7.365850553578718e-4,0.01818495647441759,0.022020547676476515,4.73153041641508e-9,0.9092816299012193,0.8912507991480426,23.18,4.73153041641508e-9
10,100,0.8,0.8,3,5377,0.19506508058247504,0.804960975859924,0.954,0.01537705605120831,0.018286829425827697,-0.001146637058571049,-0.001621295636945865,0.015399173212801374,0.01820067068703814,4.5577323296533463e-7,0.9230622095472728,0.9094840064692147,31.97,4.5577323296533463e-7
10,100,0.8,0.95,2,5395,0.12740128663652797,0.8726083819069239,0.961,0.013824439842079308,0.017737140199623712,-0.0032762115912464166,-0.0039544261145576425,0.014068547537540749,0.017940704575282424,0.002000027871179269,0.9296814686312413,0.9086765243047232,28.09,0.002000027871179269
10,100,0.8,0.95,3,5413,0.10780802104741394,0.8921972918620302,0.9493333333333331,0.01854448668198856,0.020790337757268126,-0.0036601583983643655,-0.004265012953245616,0.01856402824884315,0.020819942307058276,0.0013333233356251797,0.9053913145643002,0.8935987743843004,34.56,0.0013333233356251797
10,100,0.8,1,2,5431,0.09981042268206136,0.9001983091965565,0.96,0.0158550324360141,0.019920337003141428,-0.0017978465032172997,0.0021624106602518172,0.016132106459943528,0.020175255296995827,0.002000006655090638,0.9197902547982209,0.8993791292312601,29.13,0.002000006655090638
10,100,0.8,1,3,5449,0.07521839484201644,0.9247847382357058,0.9533333333333333,0.017456148039457102,0.01910082516859101,0.0010765952587433196,-0.0013559810028705168,0.017338443992518663,0.018960156393083377,0.003999994521204225,0.9132918388981471,0.9042594818059504,37.66,0.003999994521204225
10,500,0,0.8,2,5350,0.15923068032363002,0.8407693079967513,1,0.009317707382778347,0.009317263682679376,0.0039444607146829,0.003942909381574714,0.009206919411602326,0.009206507005995066,9.959750261126783e-10,0.952235653176693,0.9522356670553387,10.67,9.959750261126783e-10
10,500,0,0.8,3,5368,0.1391437849293285,0.8608562031379138,1,0.015306010293590086,0.015305277049921136,-0.0015072118433557028,-0.0015069333318772455,0.01543916035248807,0.015438411427591055,9.79611017944847e-10,0.9221242707954965,0.9221242678804041,11.02,9.79611017944847e-10
10,500,0,0.95,2,5386,0.03988953668419355,0.9601104625885727,1,0.0031085827975088753,0.003108515307111452,0.0017422683191514014,0.0017423192087923686,0.0030853477526397196,0.0030852743776818847,5.0435544768254956e-11,0.9842619805434755,0.9842619814784592,14.04,5.0435544768254956e-11
10,500,0,0.95,3,5404,0.034815359283507985,0.9651846400760393,1,0.006896473011531179,0.006896333828568869,-4.492733281180533e-5,-4.505822056210065e-5,0.00690465784414041,0.006904523518403197,4.367486209314793e-11,0.9649701299772098,0.9649701309891116,14.14,4.367486209314793e-11
10,500,0,1,2,5422,2.818755455366244e-31,1,1,6.172128980385313e-6,6.172128980385279e-6,2.212723005681629e-5,2.212723005681146e-5,6.3326188022490035e-6,6.332618802248968e-6,4.7226006184853084e-33,0.9999691242858866,0.9999691242858866,102,4.7226006184853084e-33
10,500,0,1,3,5440,1.300150787058048e-31,1,1,1.1053885913833332e-5,1.1053885913833511e-5,-1.715886676539444e-5,-1.715886676539935e-5,1.1081796470494297e-5,1.1081796470494475e-5,4.532251608289555e-33,0.9999444099347992,0.9999444099347992,102,4.532251608289555e-33
10,500,0.5,0.8,2,5356,0.1925112777811601,0.807493101830675,0.766,0.03012874580062626,0.029820223564357835,0.005105666856407504,0.0054292488894879575,0.030414299113015974,0.03016397657194991,5.03773097943033e-10,0.8464151835564677,0.8474173120766821,26.73,5.03773097943033e-10
10,500,0.5,0.8,3,5374,0.17418169696969285,0.8258193444629999,0.7273333333333333,0.03645422863625298,0.035462507527325715,0.00345539378424882,0.003608972431013628,0.03642978594890217,0.035483965307249225,0.0026666430425279883,0.8161644016606787,0.8207224657131993,41.98,0.0026666430425279883
10,500,0.5,0.95,2,5392,0.08277056360470895,0.9172340577523154,0.795,0.02759484470766973,0.027260523917238582,-0.0033277363935664203,-0.0031383540138281998,0.02778708676162108,0.027401598167249595,3.437340100212236e-10,0.8626343722402481,0.864372593263253,28.48,3.437340100212236e-10
10,500,0.5,0.95,3,5410,0.08041131314945746,0.9195903850591277,0.728,0.03737044638948988,0.0366368306775963,-0.0010815746681178498,-0.0026162312194153623,0.03737355210582283,0.036556384370032946,0.003999943737484789,0.8117117702946671,0.815493490580952,39.9,0.003999943737484789
10,500,0.5,1,2,5428,0.041635084050841646,0.9583675346172231,0.8109999999999999,0.025656372897617616,0.025443067126211222,0.002643143651573005,0.0029823953471886356,0.025615165164548294,0.02534044235499286,1.353500655719103e-10,0.8698977164172902,0.8705278985156237,33.99,1.353500655719103e-10
10,500,0.5,1,3,5446,0.04256002720731644,0.9575102145607408,0.732,0.03496269315562024,0.03421182122228146,0.002483192315884836,8.188805195300015e-4,0.03467019849978153,0.03384003152245742,0.0013383910991671792,0.8260900031732621,0.8291654272011622,44.94,0.0013383910991671792
10,500,0.8,0.8,2,5362,0.20084240961334743,0.7991665994211804,0.965,0.013749483264854635,0.014126497517328685,-6.741112438860888e-4,-1.6124673829435117e-4,0.013812713221937166,0.01415891874203029,1.9823826929815922e-10,0.9311643171466636,0.9294137745711494,22.11,1.9823826929815922e-10
10,500,0.8,0.8,3,5380,0.17665250958535533,0.8233492457608291,0.9446666666666665,0.019654527254319137,0.018623809561586588,-0.001048680200111126,-1.7226171315825364e-4,0.01971405777267052,0.018686502257685048,5.011741001399639e-10,0.8995553262862359,0.9051405626198447,32.9,5.011741001399639e-10
10,500,0.8,0.95,2,5398,0.07746044579034118,0.9225443080109863,0.973,0.01045014752147611,0.010876243905973835,-5.861002885338432e-4,-0.0022304553254111287,0.010413756301971609,0.010955712276011408,0.0020000435722151767,0.9492023050403694,0.9451620739233496,25.92,0.0020000435722151767
10,500,0.8,0.95,3,5416,0.0856142117747124,0.9143884122163979,0.9473333333333332,0.01904211619678511,0.01861284792795818,-8.575169334201676e-4,-3.8107383665016956e-4,0.019043115542955378,0.01866632275132958,0.0013333331157324197,0.9028180510617583,0.9052033337907117,34.86,0.0013333331157324197
10,500,0.8,1,2,5434,0.04186147199588715,0.9581428134312066,0.97,0.010859183956804179,0.010817778467655926,4.7072931986003784e-4,3.0349541081149244e-4,0.010697688281670174,0.010718048834101667,5.021495246997121e-11,0.9450775654298135,0.94455127990858,28.43,5.021495246997121e-11
10,500,0.8,1,3,5452,0.04921299310393774,0.9507878389911543,0.9433333333333332,0.02208319631120917,0.020391552164701256,0.0014445479644877345,0.0024376235362291057,0.022088228017116095,0.020346524154971152,0.0013335141864253665,0.8885723533363928,0.8974490009945459,44.83,0.0013335141864253665
100,100,0,0.8,2,5348,0.19208790462103098,0.8079120680316829,1,5.390436336774546e-4,5.389890809597879e-4,6.787867428154015e-5,6.789561129988255e-5,5.386085923193894e-4,5.385545802362346e-4,2.474958538833221e-10,0.9730291064446694,0.9730291092796617,9.43,2.474958538833221e-10
100,100,0,0.8,3,5366,0.18816970670039287,0.8118302735263645,1,0.0013702774939371109,0.001370159908035171,7.637155385168438e-5,7.62439158573319e-5,0.001370011286272726,0.001369893606803668,1.7736590762329186e-10,0.9314357719780172,0.9314357544283396,9.77,1.7736590762329186e-10
100,100,0,0.95,2,5384,0.04799168356341533,0.9520083045618334,1,1.2906446984563196e-4,1.290613511570318e-4,2.4746774452668502e-5,2.462861984979879e-5,1.291511979220366e-4,1.291479744590539e-4,9.188917211349477e-11,0.9935441352768156,0.9935441367955149,13.8,9.188917211349477e-11
100,100,0,0.95,3,5402,0.047025780370322394,0.9529741963309195,1,4.797276736250513e-4,4.797127593756431e-4,-2.9646398162898e-6,-3.100200579293516e-6,4.7975865109257596e-4,4.797436208191345e-4,1.806810128390374e-10,0.9760178630142656,0.9760178724796669,13.82,1.806810128390374e-10
100,100,0,1,2,5420,2.602032957051315e-31,1,1,4.974525731573945e-8,4.974525731573824e-8,-2.4723414796362952e-6,-2.4723414796372155e-6,4.976661940434911e-8,4.976661940434801e-8,7.449947106500453e-34,0.9999975122628729,0.9999975122628729,102,7.449947106500453e-34
100,100,0,1,3,5438,2.754069996808733e-31,1,1,9.338295529425973e-8,9.338295529425995e-8,3.5839148348033555e-7,3.583914834797068e-7,9.346721147321054e-8,9.346721147321085e-8,8.269919797531906e-34,0.9999953266085319,0.9999953266085319,102,8.269919797531906e-34
100,100,0.5,0.8,2,5354,0.23757377294583593,0.76244088191273,0.8379,0.0020503807764219403,0.0020542226902154487,3.297882476520953e-5,-8.540647008132722e-5,0.0020525776718540935,0.0020562579923435994,6.201984969829404e-11,0.8975173292301514,0.8972914361778952,18.58,6.201984969829404e-11
100,100,0.5,0.8,3,5372,0.23802326476190103,0.7619887503542,0.769,0.0033364766143959487,0.003242276427818472,-7.022242905392476e-4,-6.876438670073025e-4,0.0033380806679086895,0.0032435783542131376,1.3333777500408557e-4,0.8330036498694808,0.8377248283558164,20.94,1.3333777500408557e-4
100,100,0.5,0.95,2,5390,0.10191099858292878,0.8981023017241628,0.8251,0.002287227943837357,0.0022885392293347396,3.169616827388077e-4,3.337945176281655e-4,0.0022877627140391273,0.002288210682189456,4.486503948956282e-11,0.8855995369067189,0.8856869201283313,21.98,4.486503948956282e-11
100,100,0.5,0.95,3,5408,0.10835265613506466,0.8916615277722765,0.7525333333333334,0.0037945930486562684,0.0036835200841217417,-9.034106611027252e-6,-3.359343951072501e-5,0.0037926734736284983,0.0036816974344592358,2.014659216307125e-4,0.8102127314669142,0.8157591828382059,23.32,2.014659216307125e-4
100,100,0.5,1,2,5426,0.056094734988664526,0.9439163057208365,0.8415,0.0019931312823282745,0.0020123763382446694,-3.0823457867605933e-4,-3.769654693953342e-4,0.0019940522365968164,0.0020127689710600725,3.501949834013931e-11,0.900247128256156,0.899278938506454,24.22,3.501949834013931e-11
100,100,0.5,1,3,5444,0.062459518770554036,0.9375491332613227,0.7667333333333334,0.0034030637167186055,0.003303785436126885,3.4071471157861736e-4,1.6589329530176494e-4,0.0034027240903341683,0.003303999752930204,3.7861969433500374e-11,0.8299106349369403,0.8348427304093526,25.13,3.7861969433500374e-11
100,100,0.8,0.8,2,5360,0.4014966564590444,0.5985352660513605,0.8983,0.0037236091252391672,0.004504430959178951,-3.461684216819468e-4,-5.755748554641908e-4,0.003725224057301851,0.004502741129969675,1.9999952999899198e-4,0.8139057810843031,0.775050952041553,17.93,1.9999952999899198e-4
100,100,0.8,0.8,3,5378,0.4113950934590147,0.5886304726366299,0.8667333333333334,0.005188152036260261,0.005598208861995356,8.113488424007479e-4,8.524512680432261e-4,0.005187397458398767,0.00559776259446726,1.7548578313524094e-10,0.7407533671508085,0.7202190835799648,18.78,1.7548578313524094e-10
100,100,0.8,0.95,2,5396,0.29478289117734935,0.7052574279431704,0.9047999999999999,0.0034860122019671025,0.00437071045614952,8.998367364687144e-4,8.143381675274832e-4,0.0034865580049129935,0.004372092957365476,2.0001050092743002e-4,0.8254441022968623,0.78118838112065625,19.63,2.0001050092743002e-4
100,100,0.8,0.95,3,5414,0.3144290563505282,0.6856099123807656,0.8592,0.005445333321535437,0.005763056427353028,1.1952066606465526e-4,-3.8958824241497764e-4,0.0054479417873987595,0.005765235736363688,2.6665867254721916e-4,0.7276614479952097,0.7119555865465135,21.35,2.6665867254721916e-4
100,100,0.8,1,2,5432,0.26263083464861614,0.7374061880469922,0.9007,0.0035776480207227383,0.004384632693183558,6.186626958650475e-4,2.8655128640974197e-4,0.0035738927168363892,0.004380552341808933,2.0001075724839282e-4,0.8211677275151521,0.7808615376600435,20.53,2.0001075724839282e-4
100,100,0.8,1,3,5450,0.27972925167161933,0.7203113209987188,0.8674666666666666,0.005074334093768948,0.005465212512667742,7.106375392489239e-4,9.52291072607832e-4,0.0050693950594791455,0.005460581891206097,3.39455034736582e-4,0.7462974668752737,0.7267321676801763,22.68,3.39455034736582e-4
100,500,0,0.8,2,5351,0.19521547067514866,0.804784484554333,1,4.5239376213816393e-4,4.52349355890601e-4,2.674737111782553e-4,2.673363421446982e-4,4.5125113136906326e-4,4.5120693565782607e-4,4.097836993038633e-10,0.9773797532101739,0.9773797576789618,8.93,4.097836993038633e-10
100,500,0,0.8,3,5369,0.19278618197456476,0.8072137923889359,1,8.275806416095218e-4,8.274911013188292e-4,-2.139165318008667e-4,-2.136936132322339e-4,8.281007312662258e-4,8.280115034404255e-4,2.33147862062202e-10,0.958637803442201,0.9586378132301502,9.41,2.33147862062202e-10
100,500,0,0.95,2,5387,0.04881551264732488,0.9511844866619141,1,1.7049642325215247e-4,1.7049221407967733e-4,-1.282655558585173e-4,-1.2826882974778777e-4,1.709045487650707e-4,1.7090031313732426e-4,4.909792111973806e-12,0.9914751811663044,0.9914751812596907,13.85,4.909792111973806e-12
100,500,0,0.95,3,5405,0.04821153098842321,0.951788458464982,1,3.592464410549836e-4,3.592374155210466e-4,-2.0775599493387404e-4,-2.0774857588327944e-4,3.587466970369235e-4,3.587377149280535e-4,8.238431752792204e-11,0.9820343323689034,0.9820343348108684,13.83,8.238431752792204e-11
100,500,0,1,2,5423,2.60277046373181e-31,1,1,4.3307275998028717e-8,4.330727599802879e-8,-3.1227628958375523e-7,-3.122762895851505e-7,4.330776467423629e-8,4.3307764674236364e-8,6.690172606836045e-34,0.9999978344151256,0.9999978344151255,102,6.690172606836045e-34
100,500,0,1,3,5441,2.690090305665966e-31,1,1,8.010093595995066e-8,8.010093595995054e-8,1.392764656163573e-6,1.3927646561622817e-6,8.011682274185188e-8,8.011682274185171e-8,6.744508460409096e-34,0.9999959924391183,0.9999959924391183,102,6.744508460409096e-34
100,500,0.5,0.8,2,5357,0.2303372498844712,0.7696746293902534,0.8362,0.0023688553088034637,0.00237163902686364,-6.737371635902519e-5,1.446423708339318e-4,0.002368233465323871,0.0023706664047064728,2.3703892025027656e-10,0.8814812515403173,0.8813470169168307,21.38,2.3703892025027656e-10
100,500,0.5,0.8,3,5375,0.23921493814370062,0.7607921793371398,0.7355333333333334,0.0042630023933675236,0.004190931634574884,5.100701949582046e-4,5.979054833421209e-4,0.004259515578562034,0.004189274458391644,5.903547814859418e-11,0.787209465547176,0.7907604264427385,21.73,5.903547814859418e-11
100,500,0.5,0.95,2,5393,0.09226001892215349,0.9077495212316427,0.8324,0.0023366851161637104,0.0023554265944139893,-2.237992132581473e-4,-9.345196398487338e-5,0.0023366625033303715,0.0023569645062920578,5.7037668292044984e-11,0.8832190060620818,0.8822428471689863,24.79,5.7037668292044984e-11
100,500,0.5,0.95,3,5411,0.10386743405049632,0.8961479410264148,0.7310666666666666,0.004162528387227962,0.004094262288531774,-3.96442105604612e-5,-1.5454026537928186e-4,0.004162639713979162,0.004094648787737892,1.83391271706672e-10,0.792004781773786,0.7953901443589816,25,1.83391271706672e-10
100,500,0.5,1,2,5429,0.049304621086218685,0.9507032715408116,0.7979,0.002824373888807672,0.002808148418160246,3.230236660718076e-4,1.0024141371246249e-4,0.002823065830100522,0.0028073337781025533,2.99329038494856e-11,0.8589581209150793,0.8597400384419316,26.19,2.99329038494856e-11
100,500,0.5,1,3,5447,0.05657033704974163,0.9434360028176513,0.7488,0.0038133145028631187,0.0037557605367435397,1.3343243344926894e-4,1.1872177119254684e-4,0.0038146962496848034,0.0037567100655047053,2.937915112418546e-11,0.8094232959737871,0.8123057429425036,27.24,2.937915112418546e-11
100,500,0.8,0.8,2,5363,0.3304422210412446,0.6695740715378813,0.9274,0.002684536059079372,0.003201189828076363,2.0682893428399454e-4,3.3349470043351364e-4,0.0026874036620872905,0.0032047628454232174,9.521719100664196e-11,0.8655766194939677,0.8395417505886655,21.25,9.521719100664196e-11
100,500,0.8,0.8,3,5381,0.34437537607964896,0.655632777788895,0.9022,0.0035525409992131977,0.0038925234410940694,3.0926816656853275e-4,1.1186325716726437e-4,0.003555031828147788,0.0038952759404959868,1.2673338713529426e-10,0.822500096999342,0.8054694667120196,25.69,1.2673338713529426e-10
100,500,0.8,0.95,2,5399,0.20360190285173765,0.7964081713360329,0.9307,0.0024146286307320554,0.0029671895535719997,1.4648015365453665e-4,-9.895580630189848e-5,0.0024170566941375073,0.002971090797834999,7.064793152963652e-11,0.879185945365173,0.851559368418253,25.17,7.064793152963652e-11
100,500,0.8,0.95,3,5417,0.2224259655293996,0.7775864591846294,0.9058666666666666,0.0034658026180931925,0.0038669028327450758,-5.905318369050081e-5,1.8992175014368498e-4,0.0034691474149861016,0.0038685155093826007,4.505174724223522e-10,0.8267099942672214,0.8067990706543816,28.75,4.505174724223522e-10
100,500,0.8,1,2,5435,0.14615696684542137,0.8538547807639366,0.9457,0.002003581786614361,0.002605801396646901,-8.129159267414985e-5,-5.92440018835477e-4,0.0020024229708739036,0.0026059774669752065,1.9997162978662456e-4,0.8998626079582716,0.8695611045792652,25.99,1.9997162978662456e-4
100,500,0.8,1,3,5453,0.18869155869116713,0.8113173802836041,0.9040666666666666,0.0036357133313963323,0.004018366949542977,2.7727413136681883e-4,4.336364500757136e-5,0.00363649893540984,0.00401937465930746,2.975930045359241e-10,0.8177926314297447,0.7987377405675256,29.42,2.975930045359241e-10
1000,100,0,0.8,2,5349,0.1956726278120628,0.8043273686701184,1,3.4552606000591556e-5,3.4550686171926434e-5,-7.30301433823888e-6,-7.306836614350667e-6,3.454711866433085e-5,3.454520123644093e-5,3.1621722211645135e-12,0.9827230619652116,0.9827230619226069,10,3.1621722211645135e-12
1000,100,0,0.8,3,5367,0.19347987259662833,0.8065201237922843,1,8.67025121135179e-5,8.669765022458789e-5,-5.708771200619499e-6,-5.713719871411557e-6,8.669934647552953e-5,8.66944839712794e-5,3.2247258582504357e-12,0.9566481491795974,0.9566481493106306,10,3.2247258582504357e-12
1000,100,0,0.95,2,5385,0.048893691959731526,0.9511063074551689,1,1.4842463706027399e-5,1.484216451742551e-5,-6.292724068237846e-6,-6.293762068517206e-6,1.484215662153937e-5,1.484185743605863e-5,4.161035072571813e-13,0.992579360864755,0.9925793608622183,14,4.161035072571813e-13
1000,100,0,0.95,3,5403,0.0483486721467615,0.9516513272607035,1,4.073394327125474e-5,4.073312333699249e-5,-2.3257639397116905e-5,-2.32587194608341e-5,4.0735702035172815e-5,4.07348818568766e-5,4.2024942733806697e-13,0.9796333957495168,0.9796333957749184,14,4.2024942733806697e-13
1000,100,0,1,2,5421,2.6190203633371827e-31,1,1,4.686745508386826e-10,4.686745508387989e-10,1.6240534476855412e-8,1.6240534476907495e-8,4.686251033234471e-10,4.686251033235636e-10,6.196138749681738e-35,0.9999997656622854,0.9999997656622854,102,6.196138749681738e-35
1000,100,0,1,3,5439,2.541788985972297e-31,1,1,9.606292349807437e-10,9.606292349805927e-10,2.4369929746473232e-8,2.4369929746509052e-8,9.605990350318524e-10,9.605990350317016e-10,5.737801953700874e-35,0.9999995197015243,0.9999995197015243,102,5.737801953700874e-35
1000,100,0.5,0.8,2,5355,0.2501363063401091,0.7498954433958454,0.82601,2.2208803261906905e-4,2.2141207325472172e-4,2.8269044267954682e-5,1.5020340215093709e-5,2.2208457802100817e-4,2.2141900169142246e-4,8.849287018146886e-12,0.8889577989465417,0.8892927406759141,16.09,8.849287018146886e-12
1000,100,0.5,0.8,3,5373,0.24906730502077326,0.7509665924544088,0.76412,3.414833100609128e-4,3.25665459417937e-4,3.0599254426990168e-6,-2.0257484897960522e-5,3.4151087399093936e-4,3.2568483657150794e-4,1.037570377812301e-11,0.8292567407209205,0.8371661459984212,16.03,1.037570377812301e-11
1000,100,0.5,0.95,2,5391,0.11376185450065834,0.8862584970611644,0.83469,2.070540104367859e-4,2.0912076750482698e-4,-2.1056583375772995e-5,-1.4882120079639384e-5,2.070407498508314e-4,2.0912331255798367e-4,4.220002333841816e-12,0.8964741532338061,0.8954359368985072,19.88,4.220002333841816e-12
1000,100,0.5,0.95,3,5409,0.11434177158508779,0.8856791587193311,0.7849733333333333,2.9707012001750567e-4,2.857377058250762e-4,-7.890648474807619e-6,-7.586996815864441e-6,2.9708806536636194e-4,2.857434652671661e-4,3.5805784212908967e-12,0.8514709627686669,0.8571272429387389,19.8,3.5805784212908967e-12
1000,100,0.5,1,2,5427,0.06761876155247211,0.9323957921073611,0.85164,1.807279984705855e-4,1.8838475265572468e-4,-8.93749805355747e-6,-9.090633632939262e-6,1.8075281977277988e-4,1.8840733031119132e-4,1.6939969357393958e-12,0.9096474761716977,0.9058196204245582,21.51,1.6939969357393958e-12
1000,100,0.5,1,3,5445,0.06937079435196568,0.9306425706263695,0.7686,3.3162838612778685e-4,3.170504810236422e-4,-2.0582917845161977e-6,7.140670757371252e-6,3.316291993633797e-4,3.1705308419576145e-4,1.3333394436162605e-5,0.8341969841696598,0.841482936065582,21.76,1.3333394436162605e-5
1000,100,0.8,0.8,2,5361,0.4626878734427403,0.537443029709725,0.87563,4.96993797765573e-4,5.655240036029367e-4,-1.9689191153277747e-5,4.0096522660257566e-5,4.970148031244037e-4,5.655392295139725e-4,4.179363637032776e-11,0.751491225933369,0.717248938981709,12.84,4.179363637032776e-11
1000,100,0.8,0.8,3,5379,0.4639596062298423,0.5361727773043441,0.8425066666666666,6.594623193813181e-4,6.667669482857065e-4,-9.720185674783855e-5,-1.7046720510929388e-4,6.594836223230557e-4,6.667591382745655e-4,4.422427152520074e-11,0.670266931190807,0.666654534311743,12.89,4.422427152520074e-11
1000,100,0.8,0.95,2,5397,0.3668152329241078,0.6332767312439691,0.87247,5.031467918788355e-4,5.63185757608821e-4,-4.562423523615216e-5,-5.6966668564660884e-5,5.030940764133386e-4,5.631348715687468e-4,1.9656822125569523e-11,0.7484672356780155,0.7184081997056558,15.5,1.9656822125569523e-11
1000,100,0.8,0.95,3,5415,0.36914720566809556,0.6309254844585187,0.83786,6.851457798862131e-4,6.867782678906654e-4,5.070081259633462e-5,5.851233355441677e-5,6.851658716594233e-4,6.867618167133709e-4,3.999985041868172e-5,0.6574146290348537,0.6566389467256212,15.86,3.999985041868172e-5
1000,100,0.8,1,2,5433,0.3293404141617117,0.6707262600280047,0.8814299999999999,4.677118355362551e-4,5.461966007777859e-4,4.784895743915171e-5,2.551318596319e-5,4.6772957077384904e-4,5.461555947940983e-4,7.19966678935801e-12,0.7661709199422749,0.7269217322714565,16.68,7.19966678935801e-12
1000,100,0.8,1,3,5451,0.33636655643663543,0.6636915483317969,0.8379800000000001,6.846080662589546e-4,6.857100710215153e-4,-9.467659045925866e-5,-7.555735240850737e-5,6.84607578531734e-4,6.857082032645392e-4,3.309676297138305e-5,0.6576815568513155,0.6571247206767165,16.84,3.309676297138305e-5
1000,500,0,0.8,2,5352,0.19875667536930058,0.8012433199326034,1,2.0566393958366847e-5,2.0565267026296176e-5,-1.942844934702445e-6,-1.9310148127265423e-6,2.0568994811952897e-05,2.0567867880215314e-5,4.276166094872436e-12,0.9897168704798206,0.9897168711184422,9.96,4.276166094872436e-12
1000,500,0,0.8,3,5370,0.19822697176926835,0.8017730248845121,1,6.623512849256889e-5,6.623155434600193e-5,2.619497232577953e-6,2.619113621167502e-6,6.624029013574212e-5,6.623671546712875e-5,3.0254139512353446e-12,0.9668832732031211,0.9668832731595824,10,3.0254139512353446e-12
1000,500,0,0.95,2,5388,0.04969891558516435,0.950301083829178,1,1.1213669971540003e-5,1.1213445152711887e-5,5.978752787257152e-6,5.977363955802241e-6,1.1216914620899785e-5,1.1216689483813624e-5,4.177068705804531e-13,0.9943932766420651,0.9943932766398106,13.98,4.177068705804531e-13
1000,500,0,0.95,3,5406,0.04954857176350065,0.9504514276601556,1,1.229490751001723e-5,1.2294660327469305e-5,-7.93835147750787e-7,-7.948668122385529e-7,1.2295637017850866e-5,1.2295389791710672e-5,4.105872230741451e-13,0.9938522985113534,0.9938522985015912,14,4.105872230741451e-13
1000,500,0,1,2,5424,2.558961310315735e-31,1,1,6.089019794699743e-10,6.089019794699694e-10,9.460852890412986e-9,9.460852890425911e-9,6.089394060994205e-10,6.089394060994152e-10,7.360075288723543e-35,0.999999695548533,0.999999695548533,102,7.360075288723543e-35
1000,500,0,1,3,5442,2.914683513647636e-31,1,1,7.999962491116789e-10,7.999962491116529e-10,1.692423071129428e-8,1.6924230711177353e-8,7.9997019364507e-10,7.999701936450438e-10,6.423279435721086e-35,0.9999996000014613,0.9999996000014612,102,6.423279435721086e-35
1000,500,0.5,0.8,2,5358,0.2476146419880542,0.7524094715500801,0.83187,2.2023636696195104e-4,2.2162316079688102e-4,4.037389111463673e-5,5.244655851277194e-5,2.202650154244218e-4,2.2165076233941248e-4,1.0882562875710455e-11,0.8898852374819037,0.8891953440428335,16.87,1.0882562875710455e-11
1000,500,0.5,0.8,3,5376,0.2511216158626474,0.7489077781035692,0.7412799999999999,3.9611421009358574e-4,3.7987765808403506e-4,1.079896473185788e-5,-4.404068850217821e-6,3.9610840551246345e-4,3.7988825796407e-4,1.0939234045676613e-11,0.8019487703185811,0.8100607472889937,16.37,1.0939234045676613e-11
1000,500,0.5,0.95,2,5394,0.1099105291968144,0.8901125774516526,0.81352,2.4297670329890625e-4,2.3983228652657687e-4,-2.5627594676115358e-5,-4.0799358972282785e-6,2.429916738517569e-4,2.398330899841876e-4,6.405398662411669e-12,0.8785028454244825,0.8800843324083606,19.83,6.405398662411669e-12
1000,500,0.5,0.95,3,5412,0.11149849365506183,0.8885304780469707,0.7623133333333333,3.4759878184309733e-4,3.3503473228033815e-4,2.552656695713449e-5,2.2341556063393358e-5,3.476031712142323e-4,3.3505154362003516e-4,9.786647130422293e-12,0.8261978540941867,0.8324706137604576,19.26,9.786647130422293e-12
1000,500,0.5,1,2,5430,0.061226031190185964,0.9387872735956195,0.83414,2.1062399614608056e-4,2.1178775701163159e-4,4.718367342962149e-5,4.906213458779871e-5,2.1059356350214398e-4,2.1175449155854824e-4,2.4689165134860958e-12,0.8947006378045291,0.8941203147489067,21.89,2.4689165134860958e-12
1000,500,0.5,1,3,5448,0.06627879002949306,0.9337399638549675,0.7411933333333334,3.903862050852293e-4,3.7378470390061905e-4,1.0222989938047754e-5,4.2245754400225875e-5,3.9041339613954916e-4,3.738023183664295e-4,5.8274854395523074e-12,0.8048107425080185,0.8131079134104778,21.54,5.8274854395523074e-12
1000,500,0.8,0.8,2,5364,0.4355167989929949,0.5645375920301615,0.8788,4.7171989686433464e-4,5.345152951821323e-4,8.747046786431054e-6,3.7108222603561924e-5,4.71754581397589e-4,5.344993964940397e-4,1.7394271218577046e-11,0.7641133967718498,0.7327607715764111,15.04,1.7394271218577046e-11
1000,500,0.8,0.8,3,5382,0.44443413728887526,0.5556320551412144,0.85002,6.09099743298538e-4,6.300221142356901e-4,1.5019508648738024e-5,7.967737008396816e-7,6.091044785037635e-4,6.300005472197667e-4,1.333411550709625e-5,0.6954296220585751,0.6849764338756993,14.95,1.333411550709625e-5
1000,500,0.8,0.95,2,5400,0.3265654884777272,0.6735088430262057,0.88846,4.3240447130783136e-4,5.058850683291556e-4,4.621503743160614e-6,4.924025892390511e-5,4.3239505917770887e-4,5.059052719080577e-4,2.1035860200530582e-11,0.7838090442426593,0.7470563078090351,16.63,2.1035860200530582e-11
1000,500,0.8,0.95,3,5418,0.3417239813804312,0.6583660014956186,0.8503733333333333,6.118607142334086e-4,0.00063472598307360835,-2.4243925312300504e-5,-6.235920769733362e-5,6.11859003374067e-4,6.347299061732795e-4,3.528214225362185e-11,0.6941170137085572,0.6826698000418856,16.3,3.528214225362185e-11
1000,500,0.8,1,2,5436,0.2909834518873061,0.7090932228961341,0.89046,4.2528769622977814e-4,5.029123363053852e-4,2.348052393102867e-5,4.7576425612865365e-5,4.2532151095210055e-4,5.02920756093505e-4,2.0017944971731117e-11,0.7873211858080964,0.7485124063370066,17.24,2.0017944971731117e-11
1000,500,0.8,1,3,5454,0.3066910256665382,0.6933688073266908,0.8507066666666666,6.093065353415668e-4,6.314814802191878e-4,-5.4750423915686295e-05,5.415802190621205e-6,6.093477768791644e-4,6.315049330361377e-4,3.9999690756317455e-5,0.6953394640901108,0.6842614661044705,17.6,3.9999690756317455e-5
